attribute,group,n,promotion_rate,raw_promotion_rate_gap_for_attribute
gender,f,16312,0.08993379107405591,0.006782294814704298
gender,m,38496,0.08315149625935161,0.006782294814704298
AgeGroup,30-40,28030,0.09118801284338209,0.019301603107073767
AgeGroup,40+,12325,0.07188640973630832,0.019301603107073767
AgeGroup,<30,14453,0.08482667958209368,0.019301603107073767
