attribute,group,n,attrition_rate,raw_attrition_rate_gap_for_attribute
Gender,Female,588,0.14795918367346939,0.022108843537414963
Gender,Male,882,0.17006802721088435,0.022108843537414963
AgeGroup,30-40,622,0.14308681672025725,0.16994570199562795
AgeGroup,40+,522,0.10919540229885058,0.16994570199562795
AgeGroup,<30,326,0.2791411042944785,0.16994570199562795
